,User,Tweet
0,taylorjulien35,"RT @convexical: Converting $5,000,000 of #btc into  @solana. https://t.co/iD1tOmZH5o"
1,Mr_chispa,@mis2centavos Para cositorto esa bandeja esta valuada en 1 BTC...minimo..
2,aidenkang_btc,RT @ant_stock_park: ã…‹ã…‹ã…‹ã…‹ã…‹ã…‹ ì˜¤í”ˆì”¨ì— ë°•ì•„ë²„ë ¸ë„¤ ã…‹ã…‹ã…‹ã…‹ã…‹ã…‹ https://t.co/EwyyRKkLeP
3,CryptoRomeroMan,"ğŸ‡ºğŸ‡¸ğŸ‡¬ğŸ‡§ Welcome to the official Twitter account of the character ""Romero Man"" transformed into a fantastic collection of 50 unique NFTs. Very soon they will be on sale, and you will be able to acquire the one that you like the most like everyone.
#RMNFT #ETH #NFT #BTC"
4,kedai025,"RT @Heather99924565: Wow #2112Run is doing a launch party today @ 4:20pm EST!!! Don't miss it!

#ETH #ethereum #NFT #NFTCommunity #nfts #crâ€¦"
5,EmreCello,@btc_magazin STC
6,yoobeepbe,"RT @KaylaJo78107369: @2112Run presale starts in about 4 hours

This project has absolutely crazy artwork just check out some of these potenâ€¦"
7,Sssanta12,"RT @ikinariGOLD: ï¼ƒã‚´ãƒ¼ãƒ«ãƒ‰ã€€#xauusd #GOLD
æœ¬æ—¥ã®å¸Œæœ›çš„ã€€å¼·åç™ºZONE

1844 1849
1833 1832
1827â¬‡ï¸â¬†ï¸

ğŸ”¥ğŸ¯ãƒªã‚«ã‚¯ ZONE
1816  1803    1811

1810 1790â¬†ï¸â¬‡ï¸
1799 1773
1â€¦"
8,Zahiid__,"RT @KaylaJo78107369: @2112Run presale starts in about 4 hours

This project has absolutely crazy artwork just check out some of these potenâ€¦"
9,cheeizoo,"RT @MarkPeeters_: What's up crew! Drop your biggest gems for Feb! ğŸ’âš ï¸

#x100gems #BSCGem #100xgem #BSC #altcoin #SHIB #GameFi #play2earn #Pâ€¦"
10,GlutenFreeWilly,"@DezBryant eth/btc all time high was 0.15

this cycle it only got to 0.085

its over"
11,GellyofCrypto,"@cnni #BTC/USDT 
#SHORT
ENTRY : 44140$ - 45000$
SELL: 
43700$ - 43200$ -42700$ - 42000$
LEV : 10X - 20X - 25X 
STOP LOSS : 46000$

FREE SIGNALS GROUP! https://t.co/PNFFAvHg9P
Best signals for short &amp; long term based on TA&amp;FA with more than 94% accuracy."
12,NasabiCityx,"RT @Samantha_NFT_: The market is on the rise after a long time... Share the projects you have invested in!

I will invest 5ETH in the bestâ€¦"
13,KIRFinance,Bitcoin Goes Bull!!! #Bitcoin #BTC #cryptocurrency https://t.co/tgHBFSjFi3 via @YouTube
14,aa_oguz,"RT @KriptoCeltics: ğŸ“¢ Ufak bir hediye
100$ iÃ§in yapmanÄ±z gerekenlerğŸ¤‘

ğŸ‘‰Beni takip et

ğŸ‘‰Twiti rt+beÄŸen

Ã‡ekiliÅŸ yarÄ±n 23.00â€™da aÃ§Ä±klanacaktÄ±râ€¦"
15,evergreen_011,"RT @Heather99924565: Wow #2112Run is doing a launch party today @ 4:20pm EST!!! Don't miss it!

#ETH #ethereum #NFT #NFTCommunity #nfts #crâ€¦"
16,Rere_lucia,"RT @BetfuryID: Staking Pool diisi ulang dgn Altcoin!ğŸ’¸

Perbulan pool yg mencapai $100 000 atau lebih akan diisi ulang Main Pool sebesar 50%â€¦"
17,GuerreroLujor,"Mi portafolio ğŸ’¼

#BTC 67%
#ADA      23%
#THETA  5%
Otras       5%

Â¿Errores? TOOODOOOOSS

FOMO, FUD, comprar caro (el de vender abajo si no lo he hecho, excepciÃ³n), ver mil influencer (este fue el peor de todos y el primero que corregÃ­)."
18,ryujiniesss,"RT @LukaEvans_: The sun goes downâ€¦ not like the market that is going up after a few weeks ğŸ“ˆğŸš€

After being super low, market is on fire andâ€¦"
19,ScrapeINT,"#BTC :$44000.0
#ETH :$3144.17
#BNB :$434.0
#ADA :$1.24
#XRP :$0.8619
#SOL :$118.18"
20,luckymulancityx,"RT @CaptainCrypto06: $5000ğŸ’¸  #BTCÂ Â Â Â Â  ~ 2 DAYS   ğŸ’°

âœ…RT &amp; â¤ï¸
âœ…Follow me

ğŸ† 5 Winners &amp; $1000  ğŸ’°"
21,Endok13063140,"RT @Heather99924565: Wow #2112Run is doing a launch party today @ 4:20pm EST!!! Don't miss it!

#ETH #ethereum #NFT #NFTCommunity #nfts #crâ€¦"
22,JohnPaul_BTC,"RT @fridgeintheopen: ğŸš¨ Giving Away 5 Whitelist Spots to be on the Other Side ğŸš¨

To enter:

1âƒ£ Like and Retweet ğŸ”¥

2âƒ£ Follow @fridgeintheopeâ€¦"
23,BandZulay,"RT @essentialESC: Thank you to all contributors, small and large! ğŸ«‚ 

#theessentialcoin @essentialESC @EpochNFT #Crypto #cryptocurrency #crâ€¦"
24,youngricchbtc_,Check out Young Ricch btc! #TikTok https://t.co/mqYJTclOdt
25,idntmssux,"RT @Me_MartinGarcia: Guys! Drop your biggest gems for Feb! ğŸ’âš ï¸ 
I will invest some #ETH 

#x100gems #BSCGem #100xgem #BSC #altcoin #SHIB #Gâ€¦"
26,RezaporSalar,"RT @ASTROSHOTToken: NEW ATH INCOMING!ğŸš€ğŸª

#NFT #tothemoon #astroshot #SHIB #dogecoin #doge #Crypto #pancakeswap #BTC  #XRP"
27,lamb_elaei,"RT @MarkPeeters_: What's up crew! Drop your biggest gems for Feb! ğŸ’âš ï¸

#x100gems #BSCGem #100xgem #BSC #altcoin #SHIB #GameFi #play2earn #Pâ€¦"
28,todd86130753,"RT @francescapopa: Super excited about @elongateogâ€™s upcoming #NFT drop ğŸ˜ 

#crypto #BTC #DeFi #web3 #blockchain #CryptoNews"
29,Stay_under,"RT @MCudera: #dailyFEG Monday, 07 February 2022
@FEGtoken to buy on https://t.co/ATtUTPeNkn or
$FEG ETH at @Uniswap
$FEG BSC at @PancakeSwaâ€¦"
30,Alr0o0,"Ø¹Ù… ØªØ¨Ø¯Ø¹ Kda ğŸ‘ğŸ¼

#BTC"
31,BTCMastersCB,"LIVE THE FUTURE TODAY AND EARN YOUR FUTURE BITCOINS NOW (for free)
https://t.co/I1x9WL8beH
$sol $dot $luna $sand $one $doge $bnb $mana $REAL $bnb $gala $blok $BTC $matic $avax $bico $sys $spell $HBAR $ATOM $FET $xrp $bch $qrdo $UST $GTC sa1"
32,Starvis78740842,"RT @spiecr: As promised, Iâ€™ll be sending 8,500,000,000  in $Shib Web5 to someone who likes, RTÂ´s and follows. 
@OkokuNFT 

â°24hğŸ‘ $SHIB $BTCâ€¦"
33,xuebuhui14,"RT @launchercoin: Galaxy Heroes Coin is a superhero-based cryptocurrency built on Binance Smart Chain, offering users the license to utilizâ€¦"
34,RoyalFox99,RT @VirgaCarlo: @elonmusk You know whatâ€™s better than smoking ? A fully 100% renewable energy BTC farm. @ausminingtoken &lt;â€”- . We all know yâ€¦
35,wjyslee,"RT @Heather99924565: Wow #2112Run is doing a launch party today @ 4:20pm EST!!! Don't miss it!

#ETH #ethereum #NFT #NFTCommunity #nfts #crâ€¦"
36,takostaryaki,"RT @LukaEvans_: The sun goes downâ€¦ not like the market that is going up after a few weeks ğŸ“ˆğŸš€

After being super low, market is on fire andâ€¦"
37,chisufecityx,"RT @LukaEvans_: The sun goes downâ€¦ not like the market that is going up after a few weeks ğŸ“ˆğŸš€

After being super low, market is on fire andâ€¦"
38,Debiwills75,"I was scammed of $50,000 worth of BTC, a friend of mine introduced me to a telegram channel where I charted with the admin about my $50,000.He helped me to get back my money from the scammer, he also trade with my $50,000 and which I got profit of $150,000 https://t.co/NW9swLdlXr"
39,Ivan52185435,"RT @BetfuryID: Staking Pool diisi ulang dgn Altcoin!ğŸ’¸

Perbulan pool yg mencapai $100 000 atau lebih akan diisi ulang Main Pool sebesar 50%â€¦"
40,cryptonizonline,"RT @Wealthsimple: $LUNA has joined $BTC, $ETH, $SHIB and more on Wealthsimple Crypto. Remember to research before trading."
41,bossopiera,"RT @CaptainCrypto06: $5000ğŸ’¸  #BTCÂ Â Â Â Â  ~ 2 DAYS   ğŸ’°

âœ…RT &amp; â¤ï¸
âœ…Follow me

ğŸ† 5 Winners &amp; $1000  ğŸ’°"
42,pppp49894972,"RT @crypt_zon: 10ä¸‡å††åˆ†ä¼ç”»ãƒ—ãƒ¬ã‚¼ãƒ³ãƒˆ

ãƒ—ãƒ¬ã‚¼ãƒ³ãƒˆå†…å®¹
BTCã€ETHã€IOSTã€10ä¸‡å††åˆ†
å½“é¸ã—ãŸã‚‰é¸æŠå¯èƒ½ï¼

å¿œå‹Ÿæ¡ä»¶
ãƒ»@crypt_zon

 ã®ãƒ•ã‚©ãƒ­ãƒ¼
ãƒ»ã“ã®ãƒ„ã‚¤ãƒ¼ãƒˆã®RT
ãƒ»ã‚¦ã‚©ãƒ¬ãƒƒãƒˆã®æº–å‚™

BTCä¸Šæ˜‡ã®å…†ã—ï¼ğŸ˜"
43,m4rkthetic,"RT @MarkPeeters_: What's up crew! Drop your biggest gems for Feb! ğŸ’âš ï¸

#x100gems #BSCGem #100xgem #BSC #altcoin #SHIB #GameFi #play2earn #Pâ€¦"
44,Adagang0,RT @DogsAreFriendz: @MajoriePascal @AltcoinDailyio How is avax more decentralized? And Have you looked up how much it costs to run a validaâ€¦
45,idntmssux,"RT @JohnStrandford: Wich Crypto are you bullish right now?

#cryptocurrency #metaverse #ethereum #NFT #btc #memecoin"
46,bigwinyukkss,"RT @Heather99924565: Wow #2112Run is doing a launch party today @ 4:20pm EST!!! Don't miss it!

#ETH #ethereum #NFT #NFTCommunity #nfts #crâ€¦"
47,CreepersVE,"RT @CaptainCrypto06: $5000ğŸ’¸  #BTCÂ Â Â Â Â  ~ 2 DAYS   ğŸ’°

âœ…RT &amp; â¤ï¸
âœ…Follow me

ğŸ† 5 Winners &amp; $1000  ğŸ’°"
48,Rolly1234555,"RT @realDogecoinOG: BTC retesting the $44,500 resistance as #Doge hit .1695.  Here we go...ğŸ‘€ #Dogecoin"
49,AM1234512345AM,"RT @CryptoNTez: @CanteringClark Why ETH as plan b for btc? They are not in the same category, monero would be a better choice IMO.

Anyway,â€¦"
50,trapfx_tona,"@iinasaw åˆ©ç¢ºã€ãŠã‚ã§ã¨ã†ã”ã–ã„ã¾ã™ãŠ—ï¸
ã†ã¡ã®ã¯50ï¼…ä»¥ä¸Šä¸ŠãŒã‚‰ãªã„ã¨åˆ©ç¢ºã—ã¾ã›ã‚“ğŸ˜…ã¾ã ã¾ã ã“ã‚Œã‹ã‚‰ã§ã™ã‚ˆãƒ¼ğŸ˜†
BTCã‚‚500ä¸‡å††ã‚’è¶…ãˆã¾ã—ãŸã—ã€ä»®æƒ³é€šè²¨ã«å‹¢ã„ãŒå‡ºã¦æ¥ã¾ã—ãŸã­ğŸ˜Š"
51,BBrixel,"@erikmatsonart @WBB1 @AsyncArt Now that we are cool, he said, and regret that we hurt each other, I am not sorry that it happened. - #WAGMI ğŸ§¸ $btc ğŸ¼ Follow: @BBrixel"
52,wjyslee,RT @LynAldenContact: KPMG in Canada (a member of one of the Big Four accounting firms) today announced that it added BTC and ETH to its corâ€¦
53,zuichibi13,"RT @VCChinese: Been through so many periods of oscillation. $GHC will soon regain the rhythm. 
Expect #GHC to bring back an ATH 

#ToTheMooâ€¦"
54,Armando240rx,"RT @Investingcom: *TESLA'S #BITCOIN HOLDINGS WORTH NEARLY $2 BILLION - https://t.co/OQ6BmeR2Wd 

$TSLA #BTC https://t.co/mdXQZDa7XO"
55,bitcoinagile,BTC BIG WAVE 3????? for COINBASE:BTCUSD by scripter #Bitcoin $BTC https://t.co/UCF7zsIeTE https://t.co/f8Vi8W5rP4
56,Hossein27303093,"RT @rovercrc: Preparing my bags for the 2022 bull marketğŸ‘‡

#BTCÂ Â Â 
#ETH
#BNBÂ Â 
#SOL 
#LUNA 
#DOT 
#KASTA
#ADA
#HTR
#AVAXÂ  
#MATIC 
#LINK 
#â€¦"
57,alif__alif,"RT @0xsash: The year is 2030.

- Your crypto portfolio is worth $5 million
- You make $832 a day through DeFi 6.0
- Total crypto market capâ€¦"
58,Peter_Aus_BTC,"@therestofus5 @JulieDiCaro This is an awful, disturbing photo. Shameful behaviour."
59,darkvi9,mientras tanto el BTC sube eh
60,shineNingi,"RT @MarkPeeters_: What's up crew! Drop your biggest gems for Feb! ğŸ’âš ï¸

#x100gems #BSCGem #100xgem #BSC #altcoin #SHIB #GameFi #play2earn #Pâ€¦"
61,fshnpark,"RT @Me_MartinGarcia: Guys! Drop your biggest gems for Feb! ğŸ’âš ï¸ 
I will invest some #ETH 

#x100gems #BSCGem #100xgem #BSC #altcoin #SHIB #Gâ€¦"
62,WeiXQQ210098386,çªç ´43000ï¼Œä¸ä»£è¡¨ç«™ç¨³43000ï¼Œçœ‹æ¨å‹æœ‰ç‚¹å…´å¥‹ï¼Œå…ˆåˆ«è¿™ä¹ˆæ—©FOMOï¼Œä¸‰å¤©æ”¶çº¿éƒ½è¦åœ¨43000ä¸Šæ–¹ï¼Œä¹Ÿæ˜¯ä¸‰æ—¥çº¿å¸ƒæ—å¸¦ä¸­è½¨çš„ç¡®è®¤ï¼Œè¿™æ ·æ‰ç®—ç«™ç¨³ï¼Œè¿™ä¸‰å¤©æ”¶ç›˜å¾ˆå…³é”®ï¼Œç«™ä¸ç¨³å°±ä¼šå›è¸©ï¼Œç«™ç¨³ä¸‹ä¸ªå‹åŠ›ä½53000ğŸ”ªå…³æ³¨æˆ‘å¸¦ä½ é€ƒé¡¶æŠ„åº•ï¼Œå¦‚æœç©åˆçº¦å°±åˆ«æ¥äº†ï¼Œæˆ‘ä¸ä¼šç©ä¹Ÿä¸ç¢°ï¼Œæˆ‘å¾®ä¿¡å·ï¼šqq210098386ï¼Œ#BTCÂ ï¼Œ#Bitcoin https://t.co/gE2uGPqCSG
63,DYORCryptoBot,"[Scan results - #Binance - 15m]

Top 5 bullish trend on #BTC pair
1: $ANC
2: $IOST
3: $FIL
4: $GRT
5: $XRP

Top 5 bullish trend on #USDT pair
1: $NU
2: $COTI
3: $FIL
4: $API3
5: $XRP

All #Binance results: https://t.co/NE27I4BsNN
Not buy signals"
64,aaronvovo,"The sun goes downâ€¦ not like the market that is going up after a few weeks ğŸ“ˆğŸš€

After being super low, market is on fire and there is an amazing espectulation for this weekğŸ”¥ 

 ğŸ‘€ SHILL ME  THE BEST GEMS FOR THIS AMAZING WEEK ğŸ’

#BTC  #Crypto  #Metaverse  #Cryptocurency  #NFTs https://t.co/Ztj5LnWLxT"
65,meybigwinn,"RT @Heather99924565: Wow #2112Run is doing a launch party today @ 4:20pm EST!!! Don't miss it!

#ETH #ethereum #NFT #NFTCommunity #nfts #crâ€¦"
66,mm8bmmm,"RT @crypt_zon: 10ä¸‡å††åˆ†ä¼ç”»ãƒ—ãƒ¬ã‚¼ãƒ³ãƒˆ

ãƒ—ãƒ¬ã‚¼ãƒ³ãƒˆå†…å®¹
BTCã€ETHã€IOSTã€10ä¸‡å††åˆ†
å½“é¸ã—ãŸã‚‰é¸æŠå¯èƒ½ï¼

å¿œå‹Ÿæ¡ä»¶
ãƒ»@crypt_zon

 ã®ãƒ•ã‚©ãƒ­ãƒ¼
ãƒ»ã“ã®ãƒ„ã‚¤ãƒ¼ãƒˆã®RT
ãƒ»ã‚¦ã‚©ãƒ¬ãƒƒãƒˆã®æº–å‚™

BTCä¸Šæ˜‡ã®å…†ã—ï¼ğŸ˜"
67,wjyslee,"RT @BTC521: ä½•å†µè¿™æ³¢äºæŸæˆ‘è®¤ä¸ºä¹Ÿæ˜¯æš‚æ—¶çš„ï¼Œå€˜è‹¥ä¸ŠåŠå¹´ #BTC è¿˜èƒ½å†æ¬¡å›å½’$5ä¸‡ï¼Œé‚£ä¹ˆç´§ç´§è·Ÿéšæˆ‘çš„åˆ†æçš„åŒå¿—å°±ä¼šå¤§èµšç‰¹èµšï¼Œå¦‚æœå¤§å®¶ä¸æ‡‚ï¼Œæ‰¾æ—¶é—´æˆ‘å¯ä»¥ç»™ä½ ä»¬ç®—ç®—ï¼

åŒæ—¶äº¤æ˜“è€ƒå¯Ÿçš„æ˜¯å¿ƒæ€ï¼Œåœ¨æˆ‘é”™è¯¯å·¨äºæ—¶æœ‰å¾ˆå¤šç²‰ä¸ä¹Ÿç§ä¿¡æˆ‘ï¼Œé¼“åŠ±æˆ‘ï¼Œè€Œè¿™éƒ¨åˆ†ç²‰ä¸çš„å¿ƒæ€è¶…å¥½ï¼ŒåŸºæœ¬éƒ½æ˜¯èµšé’±â€¦"
68,DigitalEightPro,"RT @DropoutMiners: GM Happy Monday #NFTCommunity 
The team over at Dropout Miners Club worked all weekend to fine tune or roadmap, website,â€¦"
69,jumzcity,"RT @LukaEvans_: The sun goes downâ€¦ not like the market that is going up after a few weeks ğŸ“ˆğŸš€

After being super low, market is on fire andâ€¦"
70,J00NLUVV,"RT @KaylaJo78107369: @2112Run presale starts in about 4 hours

This project has absolutely crazy artwork just check out some of these potenâ€¦"
71,S_saucin,"RT @BakkupBradley: Still going! #xrp gains outpacing #BTC again I ask you, why is the price going up? Annnd don't hand me that bitcoin is uâ€¦"
72,mana_crypto17,BTCãƒã‚¤ãƒ‹ãƒ³ã‚°ä¼æ¥­ã«é€£å‹•ã™ã‚‹ãƒ´ã‚¡ãƒ«ã‚­ãƒªãƒ¼ã®ETFã€2æœˆ8æ—¥ã«ãƒŠã‚¹ãƒ€ãƒƒã‚¯ä¸Šå ´ https://t.co/1ppotVyHqB
73,rosesgrdn,"RT @KaylaJo78107369: @2112Run presale starts in about 4 hours

This project has absolutely crazy artwork just check out some of these potenâ€¦"
74,amincityxwin,"RT @Heather99924565: Wow #2112Run is doing a launch party today @ 4:20pm EST!!! Don't miss it!

#ETH #ethereum #NFT #NFTCommunity #nfts #crâ€¦"
75,RvsBitMachine,Superfood Chain Everbowl moving to Bitcoin Standard and Converting All Its Cash to $BTC @Bitcoin
76,CryptoNTez,"@CanteringClark Why ETH as plan b for btc? They are not in the same category, monero would be a better choice IMO.

Anyway, if btc fails for any reason, the hit the space would take it would be so big that a plan b wonâ€™t really matter"
77,Jason37346003,"RT @TraderTenacious: Giving away 10 $strong tokens to 1 different people.
All you have to do is 
Like
Retweet 
Follow 
Keep dms open

$btcâ€¦"
78,JustFAFO,"RT @lsardua: takes advantage of the bid price, a Mc of just 540k, it is time to fill in your bag $POOR and ensure your money ... a gem thatâ€¦"
79,ayambigwiin,"RT @LukaEvans_: The sun goes downâ€¦ not like the market that is going up after a few weeks ğŸ“ˆğŸš€

After being super low, market is on fire andâ€¦"
80,dot_tor_cripto,Esperando al miÃ©rcoles a ver quÃ© pasa con la tendencia de $BTC
81,Sonuch1999,"RT @BTCdayu: 1ï¼‰ç‰›å¸‚çš„ä¸‹ä¸€ä¸ªå½¢æ€å¾ˆå¯èƒ½æ˜¯NFTã€‚

æ¯ä¸€è½®ç‰›å¸‚çš„ä¸»è§’éƒ½ä¸ä¸€æ ·ï¼Œ2013å¹´æ˜¯ $BTC ï¼Œ2017å¹´æ˜¯ $ETH ï¼Œ2019å¹´æ˜¯ $BNB  2020è‡³2021å¹´æ˜¯defiå’Œgamefiã€‚

2022å¹´èµ„é‡‘æ­£æ¸æ¸è½¬å‘å…ƒå®‡å®™å’ŒNFTæ¦‚å¿µï¼Œè€Œä¸”æœ‰æ„æ€çš„æ˜¯â€¦"
82,AbejideEmmanue6,RT @Jane48226385: PHANTACi Launches New Steve Aoki Planning #NFT #BTC #ETH
83,ega_arlintang,"RT @Heather99924565: Wow #2112Run is doing a launch party today @ 4:20pm EST!!! Don't miss it!

#ETH #ethereum #NFT #NFTCommunity #nfts #crâ€¦"
84,wincvtie,"RT @Heather99924565: Wow #2112Run is doing a launch party today @ 4:20pm EST!!! Don't miss it!

#ETH #ethereum #NFT #NFTCommunity #nfts #crâ€¦"
85,eombsupremacy,"RT @Heather99924565: Wow #2112Run is doing a launch party today @ 4:20pm EST!!! Don't miss it!

#ETH #ethereum #NFT #NFTCommunity #nfts #crâ€¦"
86,Kim00317370,"RT @ShibInformer: Retail crypto markets today.
But since both are decentralized and without a corporation behind, there is no real differenâ€¦"
87,BenzSarat,"RT @Luna22627436: Tomorrow youâ€™ll receive 8,000,000,000ğŸ’¸ğŸ†

8.000.000.000 in $Shib Web5 someone who retweetâ€™s and follow â¤ï¸ğŸ†
GOOOOOOOOretweeâ€¦"
88,kth1bwins,"RT @Heather99924565: Wow #2112Run is doing a launch party today @ 4:20pm EST!!! Don't miss it!

#ETH #ethereum #NFT #NFTCommunity #nfts #crâ€¦"
89,RezaporSalar,"RT @ASTROSHOTToken: ğŸ’šğŸ’šBIG BUY COMPETITIONğŸ’šğŸ’š

âœ… Who will purchase with the largest amount In Next 24 Hours, He will get BNB as a reward

ğŸ‘€ğŸ”¥â€¦"
90,Charlie_Drugs,RT @Charlie_Drugs: #NFT wave means $BTC pump coming
91,l3XdjrTL7wqYbCh,"RT @HonkHonkHodl: One week, one BILLION sats, 10 BTC. Amazing. https://t.co/x6wTSFdvdL"
92,Zyeencap,"RT @Heather99924565: Wow #2112Run is doing a launch party today @ 4:20pm EST!!! Don't miss it!

#ETH #ethereum #NFT #NFTCommunity #nfts #crâ€¦"
93,mmilnyuu,"RT @AlexWillCrypto: $THX (Thanks) is new generation, first #BSC based #SocialFi + #DAO fusion Meme #token created differently by GM - Raj ğŸª™â€¦"
94,agus_grow,"RT @Heather99924565: Wow #2112Run is doing a launch party today @ 4:20pm EST!!! Don't miss it!

#ETH #ethereum #NFT #NFTCommunity #nfts #crâ€¦"
95,pppp49894972,"RT @BTC_RYOMA: ãƒ—ãƒ¬ã‚¼ãƒ³ãƒˆä¼ç”»

10ä¸‡å††åˆ†
BTC
ETH
IOSTã‚’3åæ§˜ã«ãƒ—ãƒ¬ã‚¼ãƒ³ãƒˆğŸ
å—ã‘å–ã‚‹éš›ã«ã©ã®ã‚³ã‚¤ãƒ³ã‹é¸ã‚“ã§ğŸ‘

å‚åŠ æ–¹æ³•ğŸ‘‡
ã„ã„ã­ã¨RT
@BTC_RYOMA 
ã®ãƒ•ã‚©ãƒ­ãƒ¼
ã‚¦ã‚©ãƒ¬ãƒƒãƒˆã®æº–å‚™ğŸ¯

æœŸé™ğŸ‘‡
2æœˆ7æ—¥ã®24æ™‚ã¾ã§ğŸ”¥"
96,sungjinkiyowo,"RT @Heather99924565: Wow #2112Run is doing a launch party today @ 4:20pm EST!!! Don't miss it!

#ETH #ethereum #NFT #NFTCommunity #nfts #crâ€¦"
97,baghodu3,"@ZaqueoDeLeon @greg16676935420 My life is bad and sad 
Help me please. I dont have money to buy food for familes.
please. donation for my familes.

Btc address

3Dhtr4ZnanZ1rZVXDHv6BnGh2W6DMzvGWi

Etc adress

0x89e3f82f987ccea039a0f876394216960c8bf5d5"
98,ForidHassan2nr,"RT @BetfuryID: SPIN FURY ğŸ˜œ
Menangkan FunFury &amp; Crypto Nyata
Spin gratis di #BetFury dua kali sehari
Dptkan #BFG #BTC #USDT #ETH dan kriptoâ€¦"
99,Mathu54566632,"January Millionaire starting pack

$CRV
$NEAR
$FTM 
$ONE
$ATOM

each time $BTC pukes just long the dips https://t.co/iOUGKddYr5"
100,AutorAndres,@Crypto_Mercados saludos master ( todo dependera de que sigan sacando los #BTC  de los exchange  ) entonces si lo sacan puede volver a los 60k pero si vuelven a entrarlos volveremos a los 35k
101,missyurl,"RT @Heather99924565: Wow #2112Run is doing a launch party today @ 4:20pm EST!!! Don't miss it!

#ETH #ethereum #NFT #NFTCommunity #nfts #crâ€¦"
102,NasabiCityx,"RT @AlexWillCrypto: $THX (Thanks) is new generation, first #BSC based #SocialFi + #DAO fusion Meme #token created differently by GM - Raj ğŸª™â€¦"
103,wjyslee,"RT @MacroScope17: Of all the institutions and high profile investors to go public on owning BTC in recent years, KPMG's announcement todayâ€¦"
104,bigwin_today22,"RT @Me_MartinGarcia: Guys! Drop your biggest gems for Feb! ğŸ’âš ï¸ 
I will invest some #ETH 

#x100gems #BSCGem #100xgem #BSC #altcoin #SHIB #Gâ€¦"
105,queth13,"RT @KaylaJo78107369: @2112Run presale starts in about 4 hours

This project has absolutely crazy artwork just check out some of these potenâ€¦"
106,FChq0bt,"RT @Heather99924565: Wow #2112Run is doing a launch party today @ 4:20pm EST!!! Don't miss it!

#ETH #ethereum #NFT #NFTCommunity #nfts #crâ€¦"
107,TravelingSEO,RT @TravelinTweeter: . @FTX_Official is doing a fun campaign for the big game this Sunday - giving away a ton of #Bitcoin. Make sure to tunâ€¦
108,cutiegowin,"RT @LukaEvans_: The sun goes downâ€¦ not like the market that is going up after a few weeks ğŸ“ˆğŸš€

After being super low, market is on fire andâ€¦"
109,jzou925,"RT @CaptainCrypto06: $5000ğŸ’¸  #BTCÂ Â Â Â Â  ~ 2 DAYS   ğŸ’°

âœ…RT &amp; â¤ï¸
âœ…Follow me

ğŸ† 5 Winners &amp; $1000  ğŸ’°"
110,_shill_scale_,@deyonte_btc Yeah Bitcoin doesnâ€™t give him Vc kick backs but yeah he lost the plot
111,azamalfatah,"RT @Heather99924565: Wow #2112Run is doing a launch party today @ 4:20pm EST!!! Don't miss it!

#ETH #ethereum #NFT #NFTCommunity #nfts #crâ€¦"
112,Rahat0nr,"RT @BetfuryID: SPIN FURY ğŸ˜œ
Menangkan FunFury &amp; Crypto Nyata
Spin gratis di #BetFury dua kali sehari
Dptkan #BFG #BTC #USDT #ETH dan kriptoâ€¦"
113,Tadkala_id,"RT @BetfuryID: SPIN FURY ğŸ˜œ
Menangkan FunFury &amp; Crypto Nyata
Spin gratis di #BetFury dua kali sehari
Dptkan #BFG #BTC #USDT #ETH dan kriptoâ€¦"
114,siaxx101,"RT @Heather99924565: Wow #2112Run is doing a launch party today @ 4:20pm EST!!! Don't miss it!

#ETH #ethereum #NFT #NFTCommunity #nfts #crâ€¦"
115,Waynekinghtag,RT @Waynekinghtag: HashShiny - World's Leading Cloud Mining!    New user get 5 TH/S (BTC) Hash Rate For Free! https://t.co/SNIjzhJR6U
116,valerozjesus,RT @bybit_es: Â¡@Bitcoin esta de regreso! #BTC $BTC ğŸ˜ https://t.co/2lyR7zWiKv
117,Richard_gut1,"RT @PetroDivisa: El fabricante de vehÃ­culos elÃ©ctricos de Elon Musk, Tesla, tenÃ­a alrededor de US$2 mil millones en #Bitcoin a fines de 202â€¦"
118,RektFtx,"Hourly price Update ğŸ—£:
Bitcoin $BTC: 44104 $USDT
Ethereum $ETH: 3157.24 $USDT"
119,SuperTrooperTX,"We're hitting key resistance on the $BTC hourly with the MACD indicating downward momentum.

In other words, open a short until we hit support. https://t.co/IR5J9FLkZI"
120,luckyJihyoWins,"RT @Me_MartinGarcia: Guys! Drop your biggest gems for Feb! ğŸ’âš ï¸ 
I will invest some #ETH 

#x100gems #BSCGem #100xgem #BSC #altcoin #SHIB #Gâ€¦"
121,baghodu3,"@mulez93 @greg16676935420 My life is bad and sad 
Help me please. I dont have money to buy food for familes.
please. donation for my familes.

Btc address

3Dhtr4ZnanZ1rZVXDHv6BnGh2W6DMzvGWi

Etc adress

0x89e3f82f987ccea039a0f876394216960c8bf5d5"
122,ahgawinter,"RT @Me_MartinGarcia: Guys! Drop your biggest gems for Feb! ğŸ’âš ï¸ 
I will invest some #ETH 

#x100gems #BSCGem #100xgem #BSC #altcoin #SHIB #Gâ€¦"
123,bitcoinmanbear1,$BTC today's orders https://t.co/WTjZRdbUa3
124,CosmosSoldier,"RT @ama8999: Studying the correlation of sub-cycles to the larger 60 day cycle.

Looks like $BTC follows bi-weekly sub-cycles, where day 15â€¦"
125,pieckmeplease,"RT @KaylaJo78107369: @2112Run presale starts in about 4 hours

This project has absolutely crazy artwork just check out some of these potenâ€¦"
126,2021Ufo,"â° Top past 7d performers (top100 coins): 
1st: $GALA 77.5%âš¡  
2nd: $QNT 57.9%âš¡  
3nd: $SHIB 53.3%âš¡  
You #crypto mooned?  #cryptotwitter $BTC #alts #DeFi #NFT"
127,Tadkala_id,"RT @BetfuryID: Staking Pool diisi ulang dgn Altcoin!ğŸ’¸

Perbulan pool yg mencapai $100 000 atau lebih akan diisi ulang Main Pool sebesar 50%â€¦"
128,bigwincityxx__,"RT @KaylaJo78107369: @2112Run presale starts in about 4 hours

This project has absolutely crazy artwork just check out some of these potenâ€¦"
129,riskanurwenda,"RT @Heather99924565: Wow #2112Run is doing a launch party today @ 4:20pm EST!!! Don't miss it!

#ETH #ethereum #NFT #NFTCommunity #nfts #crâ€¦"
130,JustFAFO,RT @lsardua: #PoorQuackArmy #poorquack whales arena #web3 #NFTs #BTC #Binance #BSCGem
131,big_w1n,"RT @Caro_Margiatta: ğŸ’«GM fam!âœ¨
Show me your biggest gems for Feb!ğŸ’

#BSCGem #BSC #altcoin #GameFi #play2earn #P2E #x100gems #cryptocurrencyâ€¦"
132,FetchKelli,"On February 7th, the Japanese mixi group and the global sports streaming service provider DAZN Japan Investment GK announced that they will cooperate with the media on DAZN MOMENTS, the sports NFT market launched on Flow.  #BTC #NFT"
133,AmielZwier,"RT @DarkMasterNFT1: Reptile #1 https://t.co/R8x1p5zRtw
 #NFT  #NFTs  #nftcollector  #NFTGiveaway #NFTProject #community  #art  #BTC  #ETHâ€¦"
134,luckyhearty,"RT @JohnStrandford: Wich Crypto are you bullish right now?

#cryptocurrency #metaverse #ethereum #NFT #btc #memecoin"
135,Anghellupa1,"RT @KaylaJo78107369: @2112Run presale starts in about 4 hours

This project has absolutely crazy artwork just check out some of these potenâ€¦"
136,bigwinriego2022,"RT @Heather99924565: Wow #2112Run is doing a launch party today @ 4:20pm EST!!! Don't miss it!

#ETH #ethereum #NFT #NFTCommunity #nfts #crâ€¦"
137,jbmjspjycyjbbyg,"RT @AlexWillCrypto: $THX (Thanks) is new generation, first #BSC based #SocialFi + #DAO fusion Meme #token created differently by GM - Raj ğŸª™â€¦"
138,BigWin_dongs,"RT @LukaEvans_: The sun goes downâ€¦ not like the market that is going up after a few weeks ğŸ“ˆğŸš€

After being super low, market is on fire andâ€¦"
139,Ak4555eJ,"RT @DropoutMiners: GM Happy Monday #NFTCommunity 
The team over at Dropout Miners Club worked all weekend to fine tune or roadmap, website,â€¦"
140,baghodu3,"@FrankGHahn @greg16676935420 My life is bad and sad 
Help me please. I dont have money to buy food for familes.
please. donation for my familes.

Btc address

3Dhtr4ZnanZ1rZVXDHv6BnGh2W6DMzvGWi

Etc adress

0x89e3f82f987ccea039a0f876394216960c8bf5d5"
141,btc_chinchilla,@DezBryant https://t.co/K7UKFe29nJ
142,0xWolff,"Mr. Wolff: 

53% stables &amp; 

47% crypto (LUNA 18.4%, GMX 10.9%, MC 6.2%, BTC 4.6%, ETH 3%, gOHM 2.7%, TWD 1.2%)."
143,Annaterry96,RT @Sheldon_Sniper: $BTC breaking back into trendğŸ‘€ğŸ‘€ https://t.co/7bOEKxPszx
144,jaemcityxx_jef,"RT @Heather99924565: Wow #2112Run is doing a launch party today @ 4:20pm EST!!! Don't miss it!

#ETH #ethereum #NFT #NFTCommunity #nfts #crâ€¦"
145,CryptoFaiza,"RT @Heather99924565: Wow #2112Run is doing a launch party today @ 4:20pm EST!!! Don't miss it!

#ETH #ethereum #NFT #NFTCommunity #nfts #crâ€¦"
146,MDSHAHA95035070,"RT @esatoshiclub: Top Performance Last 24hours: 07.02.2022

1. Lamden
2. Rise of Defenders
3. Azuki
4. CryptoCars
5. Vidulum
6. Soul Swap
7â€¦"
147,mstanacc_,"RT @CaptainCrypto06: $5000ğŸ’¸  #BTCÂ Â Â Â Â  ~ 2 DAYS   ğŸ’°

âœ…RT &amp; â¤ï¸
âœ…Follow me

ğŸ† 5 Winners &amp; $1000  ğŸ’°"
148,winnerofthedayx,"RT @LukaEvans_: The sun goes downâ€¦ not like the market that is going up after a few weeks ğŸ“ˆğŸš€

After being super low, market is on fire andâ€¦"
149,wilmerjaimesr,"RT @InvConservador: ğŸ“¢ SORTEO DE 1000$ en #BTC

Â¿QuÃ© hay que hacer?

- Seguir a esta cuenta (asÃ­ podrÃ¡s ver cuando compro y vendo y aprenderâ€¦"
150,cryptocharts,Thoughts on $BTC #Bitcoin! See scripter's idea on TradingView below. https://t.co/EX6QjzJStO
151,TheTechRecuiter,"@DavidFitzTech #Btc, #eth, #poly and believe it or not #hoge."
152,Yafuturekid,RT @DogelonChris90: A little inspiration @CharleneTanica @DiamondHandsIt @cryptobrown4 @BrandonSwagge89 @TheGreekGod11 @GirlTalkStocks1 @yoâ€¦
153,Annaterry96,"RT @Blockworks_: Recent #Bitcoin news: 

- KPMG buys Bitcoin
- US Senator buys Bitcoin
- Nasdaq approves Bitcoin Miners ETF 
- Fidelity: Biâ€¦"
154,baghodu3,"@euleooalves @greg16676935420 My life is bad and sad 
Help me please. I dont have money to buy food for familes.
please. donation for my familes.

Btc address

3Dhtr4ZnanZ1rZVXDHv6BnGh2W6DMzvGWi

Etc adress

0x89e3f82f987ccea039a0f876394216960c8bf5d5"
155,6FigureSlave,"#KPMG #BTC 

#ChainReaction"
156,wiyafebbigwin,"RT @Heather99924565: Wow #2112Run is doing a launch party today @ 4:20pm EST!!! Don't miss it!

#ETH #ethereum #NFT #NFTCommunity #nfts #crâ€¦"
157,r_maraawla,"RT @MarkPeeters_: What's up crew! Drop your biggest gems for Feb! ğŸ’âš ï¸

#x100gems #BSCGem #100xgem #BSC #altcoin #SHIB #GameFi #play2earn #Pâ€¦"
158,cegoso,"#Btc 
Buena valorizaciÃ³n en los Ãºltimos dias.
En zona resist intermedia (44k)
Siguiente 48/50
Abajo 40 y 36 !! https://t.co/w6399lSSz2"
159,PatMcGroin99,"RT @DeFiWitch666: First Broom ğŸ§¹ ğŸ§¹ğŸ§¹

Then MoonğŸŒ™ğŸŒ™ğŸŒ™

BUY #FEG &amp; #ROX 

&amp; Get Rich Soon ğŸ’¸ğŸ’¸ğŸ’¸

#spell #DeFi #BTC #altcoinseason #BSCGem #100XGEMSâ€¦"
160,ArvinCatimbang,"RT @SerkanArikan06: A lucky person will win $44.000 in $BTC

ğŸ€To enter :- 
Follow me
RTğŸ” and likeâ¤ï¸

Retweet my pinned Post ğŸ“ŒğŸ“Œ"
161,takostaryaki,"RT @Samantha_NFT_: The market is on the rise after a long time... Share the projects you have invested in!

I will invest 5ETH in the bestâ€¦"
162,parkchoco14,"RT @MarkPeeters_: What's up crew! Drop your biggest gems for Feb! ğŸ’âš ï¸

#x100gems #BSCGem #100xgem #BSC #altcoin #SHIB #GameFi #play2earn #Pâ€¦"
163,cspratt15139,RT @cspratt15139: $iotx #buythedip $btc $eth $xrp $doge $icp $ect $snx $sol $mln $nkn $storj $fil $mana $enj $ogn $bal $nmr $fet $ach $ampâ€¦
164,MarketChartsApp,"#BICOUSD - New Technical Analysis 

Chart on TradingView https://t.co/ecR28JQAUJ $BTC $ETH #Bitcoin #CryptoCurrency #Trading #TechnicalAnalysis https://t.co/3NOcG4dcIP"
165,Annaterry96,"RT @MacroScope17: Of all the institutions and high profile investors to go public on owning BTC in recent years, KPMG's announcement todayâ€¦"
166,FadyNakhIa,"RT @IIICapital: If you own 0 $BTC, you are not prepared for the next 5 years."
167,jenosoleh,"RT @LukaEvans_: The sun goes downâ€¦ not like the market that is going up after a few weeks ğŸ“ˆğŸš€

After being super low, market is on fire andâ€¦"
168,Bari_CryptoNews,"Trending on #LunarCrush:

""#Cryptocurrency #Tether is fined $41 million for lying about reserves"" via @FortuneMagazine

Top coin mentions
$btc

#LunarShare
https://t.co/YZtmj6CN7O"
169,wiyafebbigwin,"RT @KaylaJo78107369: @2112Run presale starts in about 4 hours

This project has absolutely crazy artwork just check out some of these potenâ€¦"
170,kimgyucityx,"RT @Heather99924565: Wow #2112Run is doing a launch party today @ 4:20pm EST!!! Don't miss it!

#ETH #ethereum #NFT #NFTCommunity #nfts #crâ€¦"
171,zerofeerouting,@HarryStebbings My first BTC purchase.
172,clydenwon,"RT @Heather99924565: Wow #2112Run is doing a launch party today @ 4:20pm EST!!! Don't miss it!

#ETH #ethereum #NFT #NFTCommunity #nfts #crâ€¦"
173,luckyJihyoWins,"RT @MarkPeeters_: What's up crew! Drop your biggest gems for Feb! ğŸ’âš ï¸

#x100gems #BSCGem #100xgem #BSC #altcoin #SHIB #GameFi #play2earn #Pâ€¦"
174,shineNingi,"RT @Me_MartinGarcia: Guys! Drop your biggest gems for Feb! ğŸ’âš ï¸ 
I will invest some #ETH 

#x100gems #BSCGem #100xgem #BSC #altcoin #SHIB #Gâ€¦"
175,ClosPapi,"RT @MoonLamboio: ğŸš¨$XRP RECLAIMS #6 IN MARKET CAP TODAYğŸš¨

If stablecoins USDT &amp; USDC were not included in the top 10 crypto list, XRP wouldâ€¦"
176,Havelesstravel2,"RT @Blockworks_: Recent #Bitcoin news: 

- KPMG buys Bitcoin
- US Senator buys Bitcoin
- Nasdaq approves Bitcoin Miners ETF 
- Fidelity: Biâ€¦"
177,_sterrah,"RT @Heather99924565: Wow #2112Run is doing a launch party today @ 4:20pm EST!!! Don't miss it!

#ETH #ethereum #NFT #NFTCommunity #nfts #crâ€¦"
178,silverlanche,RT @Cointelegraph: Big Four accounting firm @KPMG_Canada just added Bitcoin and Ether to its corporate treasury. https://t.co/JCgxEb6fb6
179,sobatw_cityxufe,"RT @Heather99924565: Wow #2112Run is doing a launch party today @ 4:20pm EST!!! Don't miss it!

#ETH #ethereum #NFT #NFTCommunity #nfts #crâ€¦"
180,bloksea,"RT @DavidPBitcoin: Finally, an increase in Orcas. Unfortunately, this bump was largely offset by a loss of sharks. Still, retail feasted anâ€¦"
181,SafeCryp,"RT @SafeCryp: Anyone can print coins. It can add to the most popular place, Pancakeswap. And it starts selling with the pre-sale posting. #â€¦"
182,Kieranguiseppe,"If you own 0 $BTC, you are not prepared for the next 5 years."
183,kkgembul,"RT @Heather99924565: Wow #2112Run is doing a launch party today @ 4:20pm EST!!! Don't miss it!

#ETH #ethereum #NFT #NFTCommunity #nfts #crâ€¦"
184,cspratt15139,$iotx #buythedip $btc $eth $xrp $doge $icp $ect $snx $sol $mln $nkn $storj $fil $mana $enj $ogn $bal $nmr $fet $ach $amp $ankr $zrx $ren $lrc $skl $celo $shib $spell $coval $jasmy $xyo $iotx $req $sand $cro $gala $avax $sol $poly #CryptocurrencyNews #BULLISH https://t.co/MNFeIlKKIS
185,wonjinchan,"RT @Heather99924565: Wow #2112Run is doing a launch party today @ 4:20pm EST!!! Don't miss it!

#ETH #ethereum #NFT #NFTCommunity #nfts #crâ€¦"
186,YvonneB68047007,RT @futrii: Wonâ€™t lie but this $BTC chart is giving me anxiety https://t.co/NiZzELfN8H
187,ahgawinter,"RT @MarkPeeters_: What's up crew! Drop your biggest gems for Feb! ğŸ’âš ï¸

#x100gems #BSCGem #100xgem #BSC #altcoin #SHIB #GameFi #play2earn #Pâ€¦"
188,satyadash2021,"RT @glassnodealerts: ğŸ“ˆ #Bitcoin $BTC Transaction Volume (change-adjusted) (7d MA) just reached a 1-month high of $1,786,789,122.26

Previouâ€¦"
189,baghodu3,"@The3puttK @greg16676935420 My life is bad and sad 
Help me please. I dont have money to buy food for familes.
please. donation for my familes.

Btc address

3Dhtr4ZnanZ1rZVXDHv6BnGh2W6DMzvGWi

Etc adress

0x89e3f82f987ccea039a0f876394216960c8bf5d5"
190,LuanghanouZaiy,"RT @PitmagCommunity: For those who have not yet seen #Pitmag 2, here is a presentation of the complete #CryptoMagazine.ğŸ“°ğŸ’
Turn the volume uâ€¦"
191,Qian_Kun_ge,"RT @LukaEvans_: The sun goes downâ€¦ not like the market that is going up after a few weeks ğŸ“ˆğŸš€

After being super low, market is on fire andâ€¦"
192,ojolbiigestwine,RT @allyATL: Hanging some miners so I can have my garage back. Intuitive? ğŸ¥ºğŸ¤“ #gpumining #gpu #nicehash #btc https://t.co/2sMaTBP2BB
193,loveawho,"RT @JohnStrandford: Wich Crypto are you bullish right now?

#cryptocurrency #metaverse #ethereum #NFT #btc #memecoin"
194,AlexKir62743918,"If you own 0 $BTC, you are not prepared for the next 5 years."
195,Linzie68582414,"RT @Blockworks_: Recent #Bitcoin news: 

- KPMG buys Bitcoin
- US Senator buys Bitcoin
- Nasdaq approves Bitcoin Miners ETF 
- Fidelity: Biâ€¦"
196,willmar88112657,"@napocornejo Mucha risa, pero risa nerviosa ğŸ˜†. Ahora ya pasÃ³ de â€œBTC estÃ¡ perdiendoâ€ a â€œpero aÃºn no llega a $100k como uds decÃ­anâ€¦lero leroâ€. https://t.co/t8mHO9fWr8"
197,cryptoskels,"So many human beans convinced themselves that crypto and NFTs are going to destroy the world. So few of us slapping shlong like Jack.
#btc #bitcoin https://t.co/QNzBn7DM5y"
198,dhiyafaeyza1,RT @allyATL: Hanging some miners so I can have my garage back. Intuitive? ğŸ¥ºğŸ¤“ #gpumining #gpu #nicehash #btc https://t.co/2sMaTBP2BB
199,waylonstein1,@SM25293586 @anyanytimee @CryptoForSA I see #BTC pumping in the days to come and alts such as #metawars #Ada #sol following soon.
200,AlKhwarizm,$DWAC $BTC ... That pathetic look âœ¨ https://t.co/eyVUQLNR6N
201,Xiecheze02,"RT @CylonInvasion: SMACK MY BTC UP.ğŸ¤–âœ¨ğŸ‘Š
INVADING ONE DAY.
#cyloninvasion #badcylons #keith #btc #NFTCommunity #generative #InvadingOneDay htâ€¦"
202,masterpiece_no,"RT @TN90803803: ã€ç¬¬41å›ã€‘#ãƒ—ãƒ¬ã‚¼ãƒ³ãƒˆã‚­ãƒ£ãƒ³ãƒšãƒ¼ãƒ³ 

$BTC or $ETH âœ–ï¸1ä¸‡å††ã€€5å ğŸâœ¨

ä»Šé€±æœ«ã«å½“é¸çµæœã‚’ç™ºè¡¨ã—ã¾ã™ğŸ¯

ä»Šã¾ã§ã¨åŒæ§˜ã«å½“é¸è€…æ§˜ã®TwitterIDã‚’ãƒ„ã‚¤ãƒ¼ãƒˆã«æ·»ä»˜è‡´ã—ã¾ã™ã®ã§
å½“é¸è€…æ§˜ã¯åƒ•ã«DMã—ã¦é ‚ããƒ—ãƒ¬ã‚¼ãƒ³ãƒˆã‚’å—ã‘å–ã‚Šâ€¦"
203,missufegloryx22,"RT @Me_MartinGarcia: Guys! Drop your biggest gems for Feb! ğŸ’âš ï¸ 
I will invest some #ETH 

#x100gems #BSCGem #100xgem #BSC #altcoin #SHIB #Gâ€¦"
204,baghodu3,"@FlyTheElephant1 @greg16676935420 My life is bad and sad 
Help me please. I dont have money to buy food for familes.
please. donation for my familes.

Btc address

3Dhtr4ZnanZ1rZVXDHv6BnGh2W6DMzvGWi

Etc adress

0x89e3f82f987ccea039a0f876394216960c8bf5d5"
205,Anonymo50001921,$BTC just threw in $5000 â–¶
206,saltychin,"RT @Heather99924565: Wow #2112Run is doing a launch party today @ 4:20pm EST!!! Don't miss it!

#ETH #ethereum #NFT #NFTCommunity #nfts #crâ€¦"
207,Bella37106240,BTC price is back up https://t.co/af2GI8yioH
208,_uncheckedbeau,"RT @CaptainCrypto06: $5000ğŸ’¸  #BTCÂ Â Â Â Â  ~ 2 DAYS   ğŸ’°

âœ…RT &amp; â¤ï¸
âœ…Follow me

ğŸ† 5 Winners &amp; $1000  ğŸ’°"
209,euro_btc,"Le prix a diminuÃ© ğŸ˜•
Valeur actuelle du Bitcoin: â‚¬38555.07 Ã  03:15
Variation ğŸ“‰ (-0.02%)"
210,kocakart,"RT @BetfuryID: SPIN FURY ğŸ˜œ
Menangkan FunFury &amp; Crypto Nyata
Spin gratis di #BetFury dua kali sehari
Dptkan #BFG #BTC #USDT #ETH dan kriptoâ€¦"
211,jontanlp,"RT @Blockworks_: Recent #Bitcoin news: 

- KPMG buys Bitcoin
- US Senator buys Bitcoin
- Nasdaq approves Bitcoin Miners ETF 
- Fidelity: Biâ€¦"
212,meliajulita05,"RT @JohnStrandford: Wich Crypto are you bullish right now?

#cryptocurrency #metaverse #ethereum #NFT #btc #memecoin"
213,sukoco_erman,"RT @KaylaJo78107369: @2112Run presale starts in about 4 hours

This project has absolutely crazy artwork just check out some of these potenâ€¦"
214,baghodu3,"@Tgreen871 @greg16676935420 My life is bad and sad 
Help me please. I dont have money to buy food for familes.
please. donation for my familes.

Btc address

3Dhtr4ZnanZ1rZVXDHv6BnGh2W6DMzvGWi

Etc adress

0x89e3f82f987ccea039a0f876394216960c8bf5d5"
215,soooGoldenJ,"RT @Me_MartinGarcia: Guys! Drop your biggest gems for Feb! ğŸ’âš ï¸ 
I will invest some #ETH 

#x100gems #BSCGem #100xgem #BSC #altcoin #SHIB #Gâ€¦"
216,aruXgen,"RT @TraderTenacious: Giving away 10 $strong tokens to 1 different people.
All you have to do is 
Like
Retweet 
Follow 
Keep dms open

$btcâ€¦"
217,KriptoAragorn,"21.) Verasity proje aÃ§Ä±sÄ±ndan gelecek vaat eden 1B dolar barajÄ±nÄ± geÃ§ebilecek potansiyelde adÄ±nÄ± Ã§ok duyacaÄŸÄ±mÄ±z bir Ã¼rÃ¼n. Almak isteyenler iÃ§in en Ã§ok hacim olan #KuCoin kayÄ±t linkini bÄ±rakÄ±yorum.ğŸ‘‡ https://t.co/XzB0Afh8Fs
Eksiklik varsa affola. Bol kazanÃ§larğŸ‘ğŸ–ï¸

#BTC #Crypto"
218,AdyudityaChita,"RT @Heather99924565: Wow #2112Run is doing a launch party today @ 4:20pm EST!!! Don't miss it!

#ETH #ethereum #NFT #NFTCommunity #nfts #crâ€¦"
219,kocakart,"RT @BetfuryID: Staking Pool diisi ulang dgn Altcoin!ğŸ’¸

Perbulan pool yg mencapai $100 000 atau lebih akan diisi ulang Main Pool sebesar 50%â€¦"
220,lilducklingss,"RT @Heather99924565: Wow #2112Run is doing a launch party today @ 4:20pm EST!!! Don't miss it!

#ETH #ethereum #NFT #NFTCommunity #nfts #crâ€¦"
221,UmarLail,"RT @ZakaWaqar: I don't give two predictions &amp; later pick the one that hits, a month back when #BTC was in a bad condition, I said 4th FEB wâ€¦"
222,lawdono233,"RT @Heather99924565: Wow #2112Run is doing a launch party today @ 4:20pm EST!!! Don't miss it!

#ETH #ethereum #NFT #NFTCommunity #nfts #crâ€¦"
223,SoftGSammie,"RT @AlexWillCrypto: $THX (Thanks) is new generation, first #BSC based #SocialFi + #DAO fusion Meme #token created differently by GM - Raj ğŸª™â€¦"
224,Richard_gut1,"RT @PetroDivisa: El conocido inversor en #Bitcoin, y cofundador de la plataforma de inversiones Bank To The Future, Simon Dixon, anunciÃ³ quâ€¦"
225,botcybersec,"RT @cryptopediaK7: North Korea stealing money from cryptocurrency exchanges to fund missile programs, says UN
https://t.co/MqCTmnWRYj
#BTCâ€¦"
226,coinok,1 BTC Price: Bitstamp 44073.51 USD #BTC #Bitcoin 2022-02-07 21:15 https://t.co/XrI5ze83bl
227,baghodu3,"@GIqinebul @greg16676935420 My life is bad and sad 
Help me please. I dont have money to buy food for familes.
please. donation for my familes.

Btc address

3Dhtr4ZnanZ1rZVXDHv6BnGh2W6DMzvGWi

Etc adress

0x89e3f82f987ccea039a0f876394216960c8bf5d5"
228,MariaHuert,"RT @elplanjubihold1: My Crypto Strategy on ICONOMI just outperformed BTC.
Check it out here:
https://t.co/j4PLLfHHEq
#cryptocurrencies #traâ€¦"
229,Nurlaelaputri10,"RT @MarkPeeters_: What's up crew! Drop your biggest gems for Feb! ğŸ’âš ï¸

#x100gems #BSCGem #100xgem #BSC #altcoin #SHIB #GameFi #play2earn #Pâ€¦"
230,apphhroodite,"RT @Heather99924565: Wow #2112Run is doing a launch party today @ 4:20pm EST!!! Don't miss it!

#ETH #ethereum #NFT #NFTCommunity #nfts #crâ€¦"
231,Iaomai1,RT @maverickbayer1: Does your coin look like this? How about a month of all time highs? Lives are being changed and we still do not know whâ€¦
232,DarkMasterNFT1,"Reptile #1 https://t.co/R8x1p5zRtw
 #NFT  #NFTs  #nftcollector  #NFTGiveaway #NFTProject #community  #art  #BTC  #ETH  #Etherum  #cryptocurrecy https://t.co/wjvq5nxsmF"
233,glassnodealerts,"ğŸ“ˆ #Bitcoin $BTC Entity-Adjusted SOPR (7d MA) just reached a 1-month high of 1.02388

Previous 1-month high of 1.02106 was observed on 05 February 2022

View metric:
https://t.co/NtccytIlNk https://t.co/VqoP59fvL9"
234,xoovely,"RT @Heather99924565: Wow #2112Run is doing a launch party today @ 4:20pm EST!!! Don't miss it!

#ETH #ethereum #NFT #NFTCommunity #nfts #crâ€¦"
235,moledao_io,RT @BTCTN: KPMG in Canada has made its first direct investment in #crypto assets. #Bitcoin and #ether added to the firm's corporate treasurâ€¦
236,zkeyv,"RT @LukaEvans_: The sun goes downâ€¦ not like the market that is going up after a few weeks ğŸ“ˆğŸš€

After being super low, market is on fire andâ€¦"
237,ReinerZe,"RT @KaylaJo78107369: @2112Run presale starts in about 4 hours

This project has absolutely crazy artwork just check out some of these potenâ€¦"
238,januarywin_x777,"RT @Heather99924565: Wow #2112Run is doing a launch party today @ 4:20pm EST!!! Don't miss it!

#ETH #ethereum #NFT #NFTCommunity #nfts #crâ€¦"
239,deyonte_btc,"RT @DWhitmanBTC: â€œ#Bitcoin is the number zero of economics.  Weâ€™ve discovered a constantâ€

-@JasonPLowery"
240,glassnodealerts,"ğŸ“ˆ #Bitcoin $BTC Transaction Volume (change-adjusted) (7d MA) just reached a 1-month high of $1,786,789,122.26

Previous 1-month high of $1,777,654,357.95 was observed on 27 January 2022

View metric:
https://t.co/45xSLmd4IG https://t.co/gxHaGOD46o"
241,baghodu3,"@crypto_kid2021 @greg16676935420 My life is bad and sad 
Help me please. I dont have money to buy food for familes.
please. donation for my familes.

Btc address

3Dhtr4ZnanZ1rZVXDHv6BnGh2W6DMzvGWi

Etc adress

0x89e3f82f987ccea039a0f876394216960c8bf5d5"
242,StaxxArchAngel,RT @Storm_Archa: @archangel_token is the Future of #crypto. #archa to the #moon soon. donâ€™t miss this opportunity. https://t.co/zoTP1hnGm9â€¦
243,ProjetosDefi,"RT @xmineofficial: Maybe someone has seen, yes, but... What are your thoughts? 

#Bitcoin #bnb #btc #binance #bsc #Crypto #Ethereum #BabyDoâ€¦"
244,masmiswiner2022,"RT @MarkPeeters_: What's up crew! Drop your biggest gems for Feb! ğŸ’âš ï¸

#x100gems #BSCGem #100xgem #BSC #altcoin #SHIB #GameFi #play2earn #Pâ€¦"
245,cube1390,"RT @DugiiKizo: Good evening beautifull people. If #IOTA reaches 1,4â‚¬ by the end of april, I'll give EVERYONE who retweets this 100$ in #MIOâ€¦"
246,c_nallani,"@Demax0434 $BTC $44,065.53 ğŸ“¢"
247,saiduabudullahi,"RT @EifiFinance: 0.1 $BTC among the first 2500 Retweets and Follows. Please post your address! ğŸ‘‡ğŸ¼
Must be following to receive, go https://â€¦"
248,Arditashelaa2,"RT @LukaEvans_: The sun goes downâ€¦ not like the market that is going up after a few weeks ğŸ“ˆğŸš€

After being super low, market is on fire andâ€¦"
249,CryptoEliteNews,"RT @CRUNewsDesk: BREAKING NEWS!!! 

Multi billion dollar company KMPG adds Bitcoin and Ethereum to balance sheet.

Read all about it in theâ€¦"
250,Deezweezer,"RT @ROSHTEINS: WHY NOT AGAIN? â¤ï¸

TIPPING SOME #BTC &amp; #ETH, GIVE ME YOUR #STAKE USERNAME!! ğŸ’¸

LIKE, FOLLOW, RT! âœŠğŸ¼"
251,panterafan83,"RT @TraderTenacious: Giving away 10 $strong tokens to 1 different people.
All you have to do is 
Like
Retweet 
Follow 
Keep dms open

$btcâ€¦"
252,MakanjuolaEmm19,@BTC_Archive Great News ğŸ“°
253,li37144606,"RT @EnsSales: ğŸ“ˆ record amount of big .eth sales in the last 24 hours ğŸ“ˆ

btc.eth @ 40Î ($127,386)
play.eth @ 35Î ($111,463)
game.eth @ 35Î (â€¦"
254,Crytophobic,Dont panic. Small amount of profit taking will happen. #HODL is much more profitable. $ada $btc $eth $xrp @cryptocurrency
255,baghodu3,"@ChrisMe48876571 @greg16676935420 My life is bad and sad 
Help me please. I dont have money to buy food for familes.
please. donation for my familes.

Btc address

3Dhtr4ZnanZ1rZVXDHv6BnGh2W6DMzvGWi

Etc adress

0x89e3f82f987ccea039a0f876394216960c8bf5d5"
256,crypto_retweets,"RT @davidamichaels: I wrote about the SEC's big legal fight with Ripple &amp; its two execs over $XRP https://t.co/bYU3V0tDrd

$XRP $BTC #BITCOIN #CRYPTOCURRENCY"
257,Bitcoin8News,"The $BTC price is at $44,024.69 right now.
ğŸ”´ Compared to the last tweet, the price has dropped by $9.31 (0.02%).
ğŸŸ¢ In the last 24 hours the price has increased by $1,791.98 (4.24%).

#Bitcoin #BTC https://t.co/mec1grKcl6"
258,qwlift,"RT @Heather99924565: Wow #2112Run is doing a launch party today @ 4:20pm EST!!! Don't miss it!

#ETH #ethereum #NFT #NFTCommunity #nfts #crâ€¦"
259,coffeeforlifu,"RT @Arthur_0x: Not a single retail I know in last 6 month joined the crypto space because of Bitcoin.

Most skipped BTC and go for ETH direâ€¦"
260,justthenewsnow2,"RT @Monk_ETH: â­ï¸ $900 $BTC airdrop â­ï¸ğŸ“£ 

      RT + Like +Follow ğŸ†"
261,Catrick_Mahomes,"RT @HonkHonkHodl: One week, one BILLION sats, 10 BTC. Amazing. https://t.co/x6wTSFdvdL"
262,Christizu,RT @Kerkus_: Alt season? Didn't you hear? 2022 is #protonseason âš›ï¸ğŸ”¥ğŸš€ $xpr $btc $ETH #moonshot #100xgem
263,baghodu3,"@IDampest @greg16676935420 My life is bad and sad 
Help me please. I dont have money to buy food for familes.
please. donation for my familes.

Btc address

3Dhtr4ZnanZ1rZVXDHv6BnGh2W6DMzvGWi

Etc adress

0x89e3f82f987ccea039a0f876394216960c8bf5d5"
264,HARLOC7,"RT @CryptoBULLITT: Global crypto adoption could 'soon hit a hyper-inflection point': Wells Fargo report

The firm's global investment stratâ€¦"
265,Benjamin_Jiao,RT @AltcoinSherpa: $BTC: Things are looking good rn but I still think we are going to wait for one last shakeout before this macro bottoms.â€¦
266,ReyesCathyy,"RT @Heather99924565: Wow #2112Run is doing a launch party today @ 4:20pm EST!!! Don't miss it!

#ETH #ethereum #NFT #NFTCommunity #nfts #crâ€¦"
267,Mathu54566632,"Whales are buying $ETC
Last Price: 0.00073600 (Binance)
Alerts in last 7 days: 1

$BTC #Binance #ETC https://t.co/GOIpVZeF2g"
268,Peteythebutler,"RT @sugarsmack100: BIG WINNER
@sartoshi_nft #mfers up 74%
NWO @iwwon_official up 10%
@ApeKidsClub up 10%
@RTFKTstudios #MNLTH up 33% LFG
@pâ€¦"
269,Le_Dolll,"RT @__vaeh: i love seeing niggas cherishing they btc doin all the cute shit, actually showing affection &amp; applying pressure ğŸ˜‚"
270,baghodu3,"@KrakenIndustry @greg16676935420 My life is bad and sad 
Help me please. I dont have money to buy food for familes.
please. donation for my familes.

Btc address

3Dhtr4ZnanZ1rZVXDHv6BnGh2W6DMzvGWi

Etc adress

0x89e3f82f987ccea039a0f876394216960c8bf5d5"
271,susanti_imah,"RT @CaptainCrypto06: $5000ğŸ’¸  #BTCÂ Â Â Â Â  ~ 2 DAYS   ğŸ’°

âœ…RT &amp; â¤ï¸
âœ…Follow me

ğŸ† 5 Winners &amp; $1000  ğŸ’°"
272,cspratt15139,RT @cspratt15139: $deso big move coming #buythedip $btc $eth $xrp $doge $icp $ect $snx $sol $mln $nkn $storj $fil $mana $enj $ogn $bal $nmrâ€¦
273,jeremyparkeraim,"I do not like $btc right now 

Out for now will watch"
274,GolinMarvin,"Doing some #Tokenomics 

#SHIB 
#BTC https://t.co/VqoWUzeAsb"
275,leejungwin,RT @allyATL: Hanging some miners so I can have my garage back. Intuitive? ğŸ¥ºğŸ¤“ #gpumining #gpu #nicehash #btc https://t.co/2sMaTBP2BB
276,jynrx02,"RT @Heather99924565: Wow #2112Run is doing a launch party today @ 4:20pm EST!!! Don't miss it!

#ETH #ethereum #NFT #NFTCommunity #nfts #crâ€¦"
277,loveawho,"RT @Me_MartinGarcia: Guys! Drop your biggest gems for Feb! ğŸ’âš ï¸ 
I will invest some #ETH 

#x100gems #BSCGem #100xgem #BSC #altcoin #SHIB #Gâ€¦"
278,yoobeepbe,"RT @Heather99924565: Wow #2112Run is doing a launch party today @ 4:20pm EST!!! Don't miss it!

#ETH #ethereum #NFT #NFTCommunity #nfts #crâ€¦"
279,accadueomaster,"RT @HonkHonkHodl: One week, one BILLION sats, 10 BTC. Amazing. https://t.co/x6wTSFdvdL"
280,baghodu3,"@GregoryDusch @LivesTorrence @greg16676935420 My life is bad and sad 
Help me please. I dont have money to buy food for familes.
please. donation for my familes.

Btc address

3Dhtr4ZnanZ1rZVXDHv6BnGh2W6DMzvGWi

Etc adress

0x89e3f82f987ccea039a0f876394216960c8bf5d5"
281,AntonGrigore,"@andreibratucu E suficient sÄƒ tragÄƒ un ""vÃ®nt"" rusu in vecinii noÈ™trii,È™i vedem btc la 1,8k."
282,madamemoise,"RT @Heather99924565: Wow #2112Run is doing a launch party today @ 4:20pm EST!!! Don't miss it!

#ETH #ethereum #NFT #NFTCommunity #nfts #crâ€¦"
283,lalisa_km,"RT @Heather99924565: Wow #2112Run is doing a launch party today @ 4:20pm EST!!! Don't miss it!

#ETH #ethereum #NFT #NFTCommunity #nfts #crâ€¦"
284,altcoingazette,"RT @altcoingazette: #BREAKING Preparing to purchase additional #Bitcoin #BTCUSD 

https://t.co/2WaDTxwtL4

#Etherum #ETH #RUNE #QTUM #BCHAâ€¦"
285,sodium05203257,"RT @MarkPeeters_: What's up crew! Drop your biggest gems for Feb! ğŸ’âš ï¸

#x100gems #BSCGem #100xgem #BSC #altcoin #SHIB #GameFi #play2earn #Pâ€¦"
286,Shajipvnair3,Watch out $btc to break 45000 for a big move up to 100000
287,StocksHighligh1,AUDIBILITY $BTC is a sell before it DIPS on 2023-02-03 to its lowest in one full year #btc #Crypto What do you vaticinate ?
288,Shiv_winers04,"RT @Heather99924565: Wow #2112Run is doing a launch party today @ 4:20pm EST!!! Don't miss it!

#ETH #ethereum #NFT #NFTCommunity #nfts #crâ€¦"
289,baghodu3,"@LivesTorrence @greg16676935420 My life is bad and sad 
Help me please. I dont have money to buy food for familes.
please. donation for my familes.

Btc address

3Dhtr4ZnanZ1rZVXDHv6BnGh2W6DMzvGWi

Etc adress

0x89e3f82f987ccea039a0f876394216960c8bf5d5"
290,SAGARBE96585036,"RT @SrdAryanDubey: $BTC $44,000 MEANS ??? ğŸ”¥ğŸ”¥ğŸ”¥ğŸš€ğŸš€ğŸš€ğŸ˜ğŸ˜ğŸ˜

1 BTC #BTC USDT #Bitcoin #Satoshi #Coinbase #BNB #TRX https://t.co/ZK3AS6RlHL"
291,ScriptMx,"RT @LSDinmycoffee: Closed my $BTC long from 36800 here. 

Please no bullzooka. 

Looking to re-enter a long on either of 4h EMA13 or 1h EMAâ€¦"
292,StocksHighligh1,SEDULITY $BTC is a buy buy buy before it PEAKS on 2022-02-07 #btc #ripple What do you dope out ?
293,ultimobtc,"#Bitcoin
ğŸ’° $BTC en $USDT: 44,000.94
âš–ï¸Volume: 49,291.12018

ğŸ“…fecha act: 07/02/22
ğŸ•Hora Chile: 23:15:04"
294,cspratt15139,$deso big move coming #buythedip $btc $eth $xrp $doge $icp $ect $snx $sol $mln $nkn $storj $fil $mana $enj $ogn $bal $nmr $fet $ach $amp $ankr $zrx $ren $lrc $skl $celo $shib $spell $coval $jasmy $xyo $iotx $req $sand $cro $gala $avax $sol $poly #CryptocurrencyNews #BULLISH https://t.co/x1LoO56dWg
295,coder_487,"RT @NewsQnt: Everyone knows of $BTC and $ETH â€¦
But did you ever heard of the Operating System of tomorrow?

$QNT #Quant is the ğŸ”‘ to unlockâ€¦"
296,robostopia,"ğŸ’° Market Cap: $2,017,893,783,996
ğŸ‘Š BTC Dominance: 41.35%
ğŸ’š BTC: $44,021.17
ğŸ’š ETH: 0.07155181 BTC
â¤ USDT: 0.00002273 BTC
ğŸ’š BNB: 0.00987337 BTC
â¤ USDC: 0.00002270 BTC
â° 08.02.2022 05:13:59
â„¹ Powered by #Robostopia"
297,lemunche,RT @rick_bitcoin: My Brother #XVG $XVG ğŸš€ğŸš€ğŸš€ #BTC https://t.co/eX9i6tTKAo
298,thebitofcoin,"He just hates #btc so much, imagine living while harboring this negative obsession so deep in your heart. https://t.co/9s2fJ8w4O4"
299,criptohispania,"Rojan Crypto news
â–¶ https://t.co/gHuToyMoRx
@Rojankhzxr
#criptohispania #criptomonedas #binance #cripto #bitcoin #ethereum #bitcoins #btc #eth #blockchain #NFT #DeFi"
